country,province,date,day_since100,case_cnt,death_cnt,new_hospitalization,total_hospitalization,new_icu,total_icu,new_recovered,total_recovered
"Korea, South",,2020-01-22,-29,1,0,,,,,,
"Korea, South",,2020-01-23,-28,1,0,,,,,,
"Korea, South",,2020-01-24,-27,2,0,,,,,,
"Korea, South",,2020-01-25,-26,2,0,,,,,,
"Korea, South",,2020-01-26,-25,3,0,,,,,,
"Korea, South",,2020-01-27,-24,4,0,,,,,,
"Korea, South",,2020-01-28,-23,4,0,,,,,,
"Korea, South",,2020-01-29,-22,4,0,,,,,,
"Korea, South",,2020-01-30,-21,4,0,,,,,,
"Korea, South",,2020-01-31,-20,11,0,,,,,,
"Korea, South",,2020-02-01,-19,12,0,,,,,,
"Korea, South",,2020-02-02,-18,15,0,,,,,,
"Korea, South",,2020-02-03,-17,15,0,,,,,,
"Korea, South",,2020-02-04,-16,16,0,,,,,,
"Korea, South",,2020-02-05,-15,19,0,,,,,,
"Korea, South",,2020-02-06,-14,23,0,,,,,,
"Korea, South",,2020-02-07,-13,24,0,,,,,,
"Korea, South",,2020-02-08,-12,24,0,,,,,,
"Korea, South",,2020-02-09,-11,25,0,,,,,,
"Korea, South",,2020-02-10,-10,27,0,,,,,,
"Korea, South",,2020-02-11,-9,28,0,,,,,,
"Korea, South",,2020-02-12,-8,28,0,,,,,,
"Korea, South",,2020-02-13,-7,28,0,,,,,,
"Korea, South",,2020-02-14,-6,28,0,,,,,,
"Korea, South",,2020-02-15,-5,28,0,,,,,,
"Korea, South",,2020-02-16,-4,29,0,,,,,,
"Korea, South",,2020-02-17,-3,30,0,,,,,,
"Korea, South",,2020-02-18,-2,31,0,,,,,,
"Korea, South",,2020-02-19,-1,31,0,,,,,,
"Korea, South",,2020-02-20,0,104,1,,,,,,
"Korea, South",,2020-02-21,1,204,2,,,,,,
"Korea, South",,2020-02-22,2,433,2,,,,,,
"Korea, South",,2020-02-23,3,602,6,,,,,,
"Korea, South",,2020-02-24,4,833,8,,,,,,
"Korea, South",,2020-02-25,5,977,10,,,,,,
"Korea, South",,2020-02-26,6,1261,12,,,,,,
"Korea, South",,2020-02-27,7,1766,13,,,,,,
"Korea, South",,2020-02-28,8,2337,13,,,,,,
"Korea, South",,2020-02-29,9,3150,16,,,,,,
"Korea, South",,2020-03-01,10,3736,17,,,,,,
"Korea, South",,2020-03-02,11,4335,28,,,,,,
"Korea, South",,2020-03-03,12,5186,28,,,,,,
"Korea, South",,2020-03-04,13,5621,35,,,,,,
"Korea, South",,2020-03-05,14,6088,35,,,,,,
"Korea, South",,2020-03-06,15,6593,42,,,,,,
"Korea, South",,2020-03-07,16,7041,44,,,,,,
"Korea, South",,2020-03-08,17,7314,50,,,,,,
"Korea, South",,2020-03-09,18,7478,53,,,,,,
"Korea, South",,2020-03-10,19,7513,54,,,,,,
"Korea, South",,2020-03-11,20,7755,60,,,,,,
"Korea, South",,2020-03-12,21,7869,66,,,,,,
"Korea, South",,2020-03-13,22,7979,66,,,,,,
"Korea, South",,2020-03-14,23,8086,72,,,,,,
"Korea, South",,2020-03-15,24,8162,75,,,,,,
"Korea, South",,2020-03-16,25,8236,75,,,,,,
"Korea, South",,2020-03-17,26,8320,81,,,,,,
"Korea, South",,2020-03-18,27,8413,84,,,,,,
"Korea, South",,2020-03-19,28,8565,91,,,,,,
"Korea, South",,2020-03-20,29,8652,94,,,,,,
"Korea, South",,2020-03-21,30,8799,102,,,,,,
"Korea, South",,2020-03-22,31,8961,111,,,,,,
"Korea, South",,2020-03-23,32,8961,111,,,,,,
"Korea, South",,2020-03-24,33,9037,120,,,,,,
"Korea, South",,2020-03-25,34,9137,126,,,,,,
"Korea, South",,2020-03-26,35,9241,131,,,,,,
"Korea, South",,2020-03-27,36,9332,139,,,,,,
"Korea, South",,2020-03-28,37,9478,144,,,,,,
"Korea, South",,2020-03-29,38,9583,152,,,,,,
"Korea, South",,2020-03-30,39,9661,158,,,,,,
"Korea, South",,2020-03-31,40,9786,162,,,,,,
"Korea, South",,2020-04-01,41,9887,165,,,,,,
"Korea, South",,2020-04-02,42,9976,169,,,,,,
"Korea, South",,2020-04-03,43,10062,174,,,,,,
"Korea, South",,2020-04-04,44,10156,177,,,,,,
"Korea, South",,2020-04-05,45,10237,183,,,,,,
"Korea, South",,2020-04-06,46,10284,186,,,,,,
"Korea, South",,2020-04-07,47,10331,192,,,,,,
"Korea, South",,2020-04-08,48,10384,200,,,,,,
"Korea, South",,2020-04-09,49,10423,204,,,,,,
"Korea, South",,2020-04-10,50,10450,208,,,,,,
"Korea, South",,2020-04-11,51,10480,211,,,,,,
"Korea, South",,2020-04-12,52,10512,214,,,,,,
"Korea, South",,2020-04-13,53,10537,217,,,,,,
"Korea, South",,2020-04-14,54,10564,222,,,,,,
"Korea, South",,2020-04-15,55,10591,225,,,,,,
"Korea, South",,2020-04-16,56,10613,229,,,,,,
"Korea, South",,2020-04-17,57,10635,230,,,,,,
"Korea, South",,2020-04-18,58,10653,232,,,,,,
"Korea, South",,2020-04-19,59,10661,234,,,,,,
"Korea, South",,2020-04-20,60,10674,236,,,,,,
"Korea, South",,2020-04-21,61,10683,237,,,,,,
"Korea, South",,2020-04-22,62,10694,238,,,,,,
"Korea, South",,2020-04-23,63,10708,240,,,,,,
"Korea, South",,2020-04-24,64,10718,240,,,,,,
"Korea, South",,2020-04-25,65,10728,242,,,,,,
"Korea, South",,2020-04-26,66,10738,243,,,,,,
"Korea, South",,2020-04-27,67,10752,244,,,,,,
"Korea, South",,2020-04-28,68,10761,246,,,,,,
"Korea, South",,2020-04-29,69,10765,247,,,,,,
"Korea, South",,2020-04-30,70,10774,248,,,,,,
"Korea, South",,2020-05-01,71,10780,250,,,,,,
"Korea, South",,2020-05-02,72,10793,250,,,,,,
"Korea, South",,2020-05-03,73,10801,252,,,,,,
"Korea, South",,2020-05-04,74,10804,254,,,,,,
"Korea, South",,2020-05-05,75,10806,255,,,,,,
"Korea, South",,2020-05-06,76,10810,256,,,,,,
"Korea, South",,2020-05-07,77,10822,256,,,,,,
"Korea, South",,2020-05-08,78,10840,256,,,,,,
"Korea, South",,2020-05-09,79,10874,256,,,,,,
"Korea, South",,2020-05-10,80,10909,256,,,,,,
"Korea, South",,2020-05-11,81,10936,258,,,,,,
"Korea, South",,2020-05-12,82,10962,259,,,,,,
"Korea, South",,2020-05-13,83,10991,260,,,,,,
"Korea, South",,2020-05-14,84,11018,260,,,,,,
"Korea, South",,2020-05-15,85,11037,262,,,,,,
"Korea, South",,2020-05-16,86,11050,262,,,,,,
"Korea, South",,2020-05-17,87,11065,263,,,,,,
"Korea, South",,2020-05-18,88,11078,263,,,,,,
"Korea, South",,2020-05-19,89,11110,263,,,,,,
"Korea, South",,2020-05-20,90,11122,264,,,,,,
"Korea, South",,2020-05-21,91,11142,264,,,,,,
"Korea, South",,2020-05-22,92,11165,266,,,,,,
"Korea, South",,2020-05-23,93,11190,266,,,,,,
"Korea, South",,2020-05-24,94,11206,267,,,,,,
"Korea, South",,2020-05-25,95,11225,269,,,,,,
"Korea, South",,2020-05-26,96,11265,269,,,,,,
"Korea, South",,2020-05-27,97,11344,269,,,,,,
"Korea, South",,2020-05-28,98,11402,269,,,,,,
"Korea, South",,2020-05-29,99,11441,269,,,,,,
"Korea, South",,2020-05-30,100,11468,270,,,,,,
"Korea, South",,2020-05-31,101,11503,271,,,,,,
"Korea, South",,2020-06-01,102,11541,272,,,,,,
"Korea, South",,2020-06-02,103,11590,273,,,,,,
"Korea, South",,2020-06-03,104,11629,273,,,,,,
"Korea, South",,2020-06-04,105,11668,273,,,,,,
"Korea, South",,2020-06-05,106,11719,273,,,,,,
"Korea, South",,2020-06-06,107,11776,273,,,,,,
"Korea, South",,2020-06-07,108,11814,273,,,,,,
"Korea, South",,2020-06-08,109,11852,274,,,,,,
"Korea, South",,2020-06-09,110,11902,276,,,,,,
"Korea, South",,2020-06-10,111,11947,276,,,,,,
"Korea, South",,2020-06-11,112,12003,277,,,,,,
"Korea, South",,2020-06-12,113,12051,277,,,,,,
"Korea, South",,2020-06-13,114,12085,277,,,,,,
"Korea, South",,2020-06-14,115,12121,277,,,,,,
"Korea, South",,2020-06-15,116,12155,278,,,,,,
"Korea, South",,2020-06-16,117,12198,279,,,,,,
"Korea, South",,2020-06-17,118,12257,280,,,,,,
"Korea, South",,2020-06-18,119,12306,280,,,,,,
"Korea, South",,2020-06-19,120,12373,280,,,,,,
"Korea, South",,2020-06-20,121,12421,280,,,,,,
"Korea, South",,2020-06-21,122,12438,280,,,,,,
"Korea, South",,2020-06-22,123,12484,281,,,,,,
"Korea, South",,2020-06-23,124,12535,281,,,,,,
"Korea, South",,2020-06-24,125,12563,282,,,,,,
"Korea, South",,2020-06-25,126,12602,282,,,,,,
"Korea, South",,2020-06-26,127,12653,282,,,,,,
"Korea, South",,2020-06-27,128,12715,282,,,,,,
"Korea, South",,2020-06-28,129,12757,282,,,,,,
"Korea, South",,2020-06-29,130,12800,282,,,,,,
"Korea, South",,2020-06-30,131,12850,282,,,,,,
"Korea, South",,2020-07-01,132,12904,282,,,,,,
"Korea, South",,2020-07-02,133,12967,282,,,,,,
"Korea, South",,2020-07-03,134,13030,283,,,,,,
"Korea, South",,2020-07-04,135,13091,283,,,,,,
"Korea, South",,2020-07-05,136,13137,284,,,,,,
"Korea, South",,2020-07-06,137,13181,285,,,,,,
"Korea, South",,2020-07-07,138,13244,285,,,,,,
"Korea, South",,2020-07-08,139,13293,287,,,,,,
"Korea, South",,2020-07-09,140,13338,288,,,,,,
"Korea, South",,2020-07-10,141,13373,288,,,,,,
"Korea, South",,2020-07-11,142,13417,289,,,,,,
"Korea, South",,2020-07-12,143,13479,289,,,,,,
"Korea, South",,2020-07-13,144,13512,289,,,,,,
"Korea, South",,2020-07-14,145,13551,289,,,,,,
"Korea, South",,2020-07-15,146,13612,291,,,,,,
"Korea, South",,2020-07-16,147,13672,293,,,,,,
"Korea, South",,2020-07-17,148,13711,294,,,,,,
"Korea, South",,2020-07-18,149,13745,295,,,,,,
"Korea, South",,2020-07-19,150,13771,296,,,,,,
"Korea, South",,2020-07-20,151,13816,296,,,,,,
"Korea, South",,2020-07-21,152,13879,297,,,,,,
"Korea, South",,2020-07-22,153,13938,297,,,,,,
"Korea, South",,2020-07-23,154,13979,298,,,,,,
"Korea, South",,2020-07-24,155,14092,298,,,,,,
"Korea, South",,2020-07-25,156,14150,298,,,,,,
"Korea, South",,2020-07-26,157,14175,299,,,,,,
"Korea, South",,2020-07-27,158,14203,300,,,,,,
"Korea, South",,2020-07-28,159,14251,300,,,,,,
"Korea, South",,2020-07-29,160,14269,300,,,,,,
"Korea, South",,2020-07-30,161,14305,301,,,,,,
"Korea, South",,2020-07-31,162,14336,301,,,,,,
"Korea, South",,2020-08-01,163,14366,301,,,,,,
"Korea, South",,2020-08-02,164,14389,301,,,,,,
"Korea, South",,2020-08-03,165,14423,301,,,,,,
"Korea, South",,2020-08-04,166,14456,302,,,,,,
"Korea, South",,2020-08-05,167,14499,302,,,,,,
"Korea, South",,2020-08-06,168,14519,303,,,,,,
"Korea, South",,2020-08-07,169,14562,304,,,,,,
"Korea, South",,2020-08-08,170,14598,305,,,,,,
"Korea, South",,2020-08-09,171,14626,305,,,,,,
"Korea, South",,2020-08-10,172,14660,305,,,,,,
"Korea, South",,2020-08-11,173,14714,305,,,,,,
"Korea, South",,2020-08-12,174,14770,305,,,,,,
"Korea, South",,2020-08-13,175,14873,305,,,,,,
"Korea, South",,2020-08-14,176,15039,305,,,,,,
"Korea, South",,2020-08-15,177,15318,305,,,,,,
"Korea, South",,2020-08-16,178,15515,305,,,,,,
"Korea, South",,2020-08-17,179,15761,306,,,,,,
"Korea, South",,2020-08-18,180,16058,306,,,,,,
"Korea, South",,2020-08-19,181,16346,307,,,,,,
"Korea, South",,2020-08-20,182,16670,309,,,,,,
"Korea, South",,2020-08-21,183,17002,309,,,,,,
"Korea, South",,2020-08-22,184,17399,309,,,,,,
"Korea, South",,2020-08-23,185,17665,309,,,,,,
"Korea, South",,2020-08-24,186,17945,310,,,,,,
"Korea, South",,2020-08-25,187,18265,312,,,,,,
"Korea, South",,2020-08-26,188,18706,313,,,,,,
"Korea, South",,2020-08-27,189,19077,316,,,,,,
"Korea, South",,2020-08-28,190,19400,321,,,,,,
"Korea, South",,2020-08-29,191,19699,323,,,,,,
"Korea, South",,2020-08-30,192,19947,324,,,,,,
"Korea, South",,2020-08-31,193,20182,324,,,,,,
"Korea, South",,2020-09-01,194,20449,326,,,,,,
"Korea, South",,2020-09-02,195,20644,329,,,,,,
"Korea, South",,2020-09-03,196,20842,331,,,,,,
"Korea, South",,2020-09-04,197,21010,333,,,,,,
"Korea, South",,2020-09-05,198,21177,334,,,,,,
"Korea, South",,2020-09-06,199,21296,336,,,,,,
"Korea, South",,2020-09-07,200,21432,341,,,,,,
"Korea, South",,2020-09-08,201,21588,344,,,,,,
"Korea, South",,2020-09-09,202,21743,346,,,,,,
"Korea, South",,2020-09-10,203,21919,350,,,,,,
"Korea, South",,2020-09-11,204,22055,355,,,,,,
"Korea, South",,2020-09-12,205,22176,358,,,,,,
"Korea, South",,2020-09-13,206,22285,363,,,,,,
"Korea, South",,2020-09-14,207,22391,367,,,,,,
"Korea, South",,2020-09-15,208,22504,367,,,,,,
"Korea, South",,2020-09-16,209,22657,372,,,,,,
"Korea, South",,2020-09-17,210,22783,377,,,,,,
"Korea, South",,2020-09-18,211,22893,378,,,,,,
"Korea, South",,2020-09-19,212,22975,383,,,,,,
"Korea, South",,2020-09-20,213,23045,385,,,,,,
"Korea, South",,2020-09-21,214,23106,388,,,,,,
"Korea, South",,2020-09-22,215,23216,388,,,,,,
"Korea, South",,2020-09-23,216,23341,393,,,,,,
"Korea, South",,2020-09-24,217,23455,395,,,,,,
"Korea, South",,2020-09-25,218,23516,399,,,,,,
"Korea, South",,2020-09-26,219,23611,401,,,,,,
"Korea, South",,2020-09-27,220,23661,406,,,,,,
"Korea, South",,2020-09-28,221,23699,407,,,,,,
"Korea, South",,2020-09-29,222,23812,413,,,,,,
"Korea, South",,2020-09-30,223,23889,415,,,,,,
"Korea, South",,2020-10-01,224,23952,416,,,,,,
"Korea, South",,2020-10-02,225,24027,420,,,,,,
"Korea, South",,2020-10-03,226,24091,421,,,,,,
"Korea, South",,2020-10-04,227,24164,422,,,,,,
"Korea, South",,2020-10-05,228,24239,422,,,,,,
"Korea, South",,2020-10-06,229,24353,425,,,,,,
"Korea, South",,2020-10-07,230,24422,427,,,,,,
"Korea, South",,2020-10-08,231,24476,428,,,,,,
"Korea, South",,2020-10-09,232,24548,430,,,,,,
"Korea, South",,2020-10-10,233,24606,432,,,,,,
"Korea, South",,2020-10-11,234,24703,433,,,,,,
"Korea, South",,2020-10-12,235,24805,434,,,,,,
"Korea, South",,2020-10-13,236,24889,438,,,,,,
"Korea, South",,2020-10-14,237,24988,439,,,,,,
"Korea, South",,2020-10-15,238,25035,441,,,,,,
"Korea, South",,2020-10-16,239,25108,443,,,,,,
"Korea, South",,2020-10-17,240,25199,444,,,,,,
"Korea, South",,2020-10-18,241,25275,444,,,,,,
"Korea, South",,2020-10-19,242,25333,447,,,,,,
"Korea, South",,2020-10-20,243,25424,450,,,,,,
"Korea, South",,2020-10-21,244,25543,453,,,,,,
"Korea, South",,2020-10-22,245,25698,455,,,,,,
"Korea, South",,2020-10-23,246,25775,457,,,,,,
"Korea, South",,2020-10-24,247,25836,457,,,,,,
"Korea, South",,2020-10-25,248,25955,457,,,,,,
"Korea, South",,2020-10-26,249,26043,460,,,,,,
"Korea, South",,2020-10-27,250,26146,461,,,,,,
"Korea, South",,2020-10-28,251,26271,462,,,,,,
"Korea, South",,2020-10-29,252,26385,463,,,,,,
"Korea, South",,2020-10-30,253,26511,464,,,,,,
"Korea, South",,2020-10-31,254,26635,466,,,,,,
"Korea, South",,2020-11-01,255,26732,468,,,,,,
"Korea, South",,2020-11-02,256,26807,472,,,,,,
"Korea, South",,2020-11-03,257,26925,474,,,,,,
"Korea, South",,2020-11-04,258,27050,475,,,,,,
"Korea, South",,2020-11-05,259,27195,476,,,,,,
"Korea, South",,2020-11-06,260,27284,477,,,,,,
"Korea, South",,2020-11-07,261,27427,478,,,,,,
"Korea, South",,2020-11-08,262,27553,480,,,,,,
"Korea, South",,2020-11-09,263,27653,485,,,,,,
"Korea, South",,2020-11-10,264,27799,487,,,,,,
"Korea, South",,2020-11-11,265,27942,487,,,,,,
"Korea, South",,2020-11-12,266,28133,488,,,,,,
"Korea, South",,2020-11-13,267,28338,492,,,,,,
"Korea, South",,2020-11-14,268,28546,493,,,,,,
"Korea, South",,2020-11-15,269,28769,494,,,,,,
"Korea, South",,2020-11-16,270,28998,494,,,,,,
"Korea, South",,2020-11-17,271,29311,496,,,,,,
"Korea, South",,2020-11-18,272,29654,498,,,,,,
"Korea, South",,2020-11-19,273,30017,501,,,,,,
"Korea, South",,2020-11-20,274,30403,503,,,,,,
"Korea, South",,2020-11-21,275,30733,505,,,,,,
"Korea, South",,2020-11-22,276,31004,509,,,,,,
"Korea, South",,2020-11-23,277,31353,510,,,,,,
"Korea, South",,2020-11-24,278,31735,513,,,,,,
"Korea, South",,2020-11-25,279,32318,515,,,,,,
"Korea, South",,2020-11-26,280,32887,516,,,,,,
"Korea, South",,2020-11-27,281,33375,522,,,,,,
"Korea, South",,2020-11-28,282,33824,523,,,,,,
"Korea, South",,2020-11-29,283,34201,526,,,,,,
"Korea, South",,2020-11-30,284,34652,526,,,,,,
"Korea, South",,2020-12-01,285,35163,526,,,,,,
"Korea, South",,2020-12-02,286,35703,529,,,,,,
"Korea, South",,2020-12-03,287,36332,536,,,,,,
"Korea, South",,2020-12-04,288,36915,540,,,,,,
"Korea, South",,2020-12-05,289,37546,545,,,,,,
"Korea, South",,2020-12-06,290,38161,549,,,,,,
"Korea, South",,2020-12-07,291,38755,552,,,,,,
"Korea, South",,2020-12-08,292,39432,556,,,,,,
"Korea, South",,2020-12-09,293,40098,564,,,,,,
"Korea, South",,2020-12-10,294,40786,572,,,,,,
"Korea, South",,2020-12-11,295,41736,578,,,,,,
"Korea, South",,2020-12-12,296,42766,580,,,,,,
"Korea, South",,2020-12-13,297,43484,587,,,,,,
"Korea, South",,2020-12-14,298,44364,600,,,,,,
"Korea, South",,2020-12-15,299,45442,612,,,,,,
"Korea, South",,2020-12-16,300,46453,634,,,,,,
"Korea, South",,2020-12-17,301,47515,645,,,,,,
"Korea, South",,2020-12-18,302,48570,659,,,,,,
"Korea, South",,2020-12-19,303,49665,674,,,,,,
"Korea, South",,2020-12-20,304,50591,698,,,,,,
"Korea, South",,2020-12-21,305,51460,722,,,,,,
"Korea, South",,2020-12-22,306,52550,739,,,,,,
"Korea, South",,2020-12-23,307,53533,756,,,,,,
"Korea, South",,2020-12-24,308,54770,773,,,,,,
"Korea, South",,2020-12-25,309,55902,793,,,,,,
"Korea, South",,2020-12-26,310,56872,808,,,,,,
"Korea, South",,2020-12-27,311,57680,819,,,,,,
"Korea, South",,2020-12-28,312,58725,859,,,,,,
"Korea, South",,2020-12-29,313,59773,879,,,,,,
"Korea, South",,2020-12-30,314,60740,900,,,,,,
"Korea, South",,2020-12-31,315,61769,917,,,,,,
"Korea, South",,2021-01-01,316,62593,942,,,,,,
"Korea, South",,2021-01-02,317,63244,962,,,,,,
"Korea, South",,2021-01-03,318,64264,981,,,,,,
"Korea, South",,2021-01-04,319,64979,1007,,,,,,
"Korea, South",,2021-01-05,320,65818,1027,,,,,,
"Korea, South",,2021-01-06,321,66686,1046,,,,,,
"Korea, South",,2021-01-07,322,67358,1081,,,,,,
"Korea, South",,2021-01-08,323,67999,1100,,,,,,
"Korea, South",,2021-01-09,324,68664,1125,,,,,,
"Korea, South",,2021-01-10,325,69114,1140,,,,,,
"Korea, South",,2021-01-11,326,69651,1165,,,,,,
"Korea, South",,2021-01-12,327,70212,1185,,,,,,
"Korea, South",,2021-01-13,328,70728,1195,,,,,,
"Korea, South",,2021-01-14,329,71241,1217,,,,,,
"Korea, South",,2021-01-15,330,71820,1236,,,,,,
"Korea, South",,2021-01-16,331,72340,1249,,,,,,
"Korea, South",,2021-01-17,332,72729,1264,,,,,,
"Korea, South",,2021-01-18,333,73115,1283,,,,,,
"Korea, South",,2021-01-19,334,73518,1300,,,,,,
"Korea, South",,2021-01-20,335,73918,1316,,,,,,
"Korea, South",,2021-01-21,336,74262,1328,,,,,,
"Korea, South",,2021-01-22,337,74692,1337,,,,,,
"Korea, South",,2021-01-23,338,75084,1349,,,,,,
"Korea, South",,2021-01-24,339,75521,1360,,,,,,
"Korea, South",,2021-01-25,340,75875,1371,,,,,,
"Korea, South",,2021-01-26,341,76429,1378,,,,,,
"Korea, South",,2021-01-27,342,76926,1386,,,,,,
"Korea, South",,2021-01-28,343,77395,1399,,,,,,
"Korea, South",,2021-01-29,344,77850,1414,,,,,,
"Korea, South",,2021-01-30,345,78205,1420,,,,,,
"Korea, South",,2021-01-31,346,78508,1425,,,,,,
"Korea, South",,2021-02-01,347,78844,1435,,,,,,
"Korea, South",,2021-02-02,348,79311,1441,,,,,,
"Korea, South",,2021-02-03,349,79762,1448,,,,,,
"Korea, South",,2021-02-04,350,80131,1459,,,,,,
"Korea, South",,2021-02-05,351,80524,1464,,,,,,
"Korea, South",,2021-02-06,352,80896,1471,,,,,,
"Korea, South",,2021-02-07,353,81185,1474,,,,,,
"Korea, South",,2021-02-08,354,81487,1482,,,,,,
"Korea, South",,2021-02-09,355,81930,1486,,,,,,
"Korea, South",,2021-02-10,356,82434,1496,,,,,,
"Korea, South",,2021-02-11,357,82837,1507,,,,,,
"Korea, South",,2021-02-12,358,83199,1514,,,,,,
"Korea, South",,2021-02-13,359,83525,1522,,,,,,
"Korea, South",,2021-02-14,360,83869,1527,,,,,,
"Korea, South",,2021-02-15,361,84325,1534,,,,,,
"Korea, South",,2021-02-16,362,84946,1538,,,,,,
"Korea, South",,2021-02-17,363,85567,1544,,,,,,
"Korea, South",,2021-02-18,364,86128,1550,,,,,,
"Korea, South",,2021-02-19,365,86574,1553,,,,,,
"Korea, South",,2021-02-20,366,86992,1557,,,,,,
"Korea, South",,2021-02-21,367,87324,1562,,,,,,
"Korea, South",,2021-02-22,368,87681,1573,,,,,,
"Korea, South",,2021-02-23,369,88120,1576,,,,,,
"Korea, South",,2021-02-24,370,88516,1581,,,,,,
"Korea, South",,2021-02-25,371,88922,1585,,,,,,
"Korea, South",,2021-02-26,372,89321,1595,,,,,,
"Korea, South",,2021-02-27,373,89676,1603,,,,,,
"Korea, South",,2021-02-28,374,90031,1605,,,,,,
"Korea, South",,2021-03-01,375,90372,1606,,,,,,
"Korea, South",,2021-03-02,376,90816,1612,,,,,,
"Korea, South",,2021-03-03,377,91240,1619,,,,,,
"Korea, South",,2021-03-04,378,91638,1627,,,,,,
"Korea, South",,2021-03-05,379,92055,1632,,,,,,
"Korea, South",,2021-03-06,380,92471,1634,,,,,,
"Korea, South",,2021-03-07,381,92817,1642,,,,,,
"Korea, South",,2021-03-08,382,93263,1645,,,,,,
"Korea, South",,2021-03-09,383,93733,1648,,,,,,
"Korea, South",,2021-03-10,384,94198,1652,,,,,,
"Korea, South",,2021-03-11,385,94686,1662,,,,,,
"Korea, South",,2021-03-12,386,95176,1667,,,,,,
"Korea, South",,2021-03-13,387,95635,1669,,,,,,
"Korea, South",,2021-03-14,388,96017,1675,,,,,,
"Korea, South",,2021-03-15,389,96380,1678,,,,,,
"Korea, South",,2021-03-16,390,96849,1686,,,,,,
"Korea, South",,2021-03-17,391,97294,1688,,,,,,
"Korea, South",,2021-03-18,392,97757,1690,,,,,,
"Korea, South",,2021-03-19,393,98209,1693,,,,,,
"Korea, South",,2021-03-20,394,98665,1696,,,,,,
"Korea, South",,2021-03-21,395,99075,1697,,,,,,
"Korea, South",,2021-03-22,396,99421,1704,,,,,,
"Korea, South",,2021-03-23,397,99846,1707,,,,,,
"Korea, South",,2021-03-24,398,100276,1709,,,,,,
"Korea, South",,2021-03-25,399,100770,1716,,,,,,
"Korea, South",,2021-03-26,400,101275,1721,,,,,,
"Korea, South",,2021-03-27,401,101757,1722,,,,,,
"Korea, South",,2021-03-28,402,102141,1726,,,,,,
"Korea, South",,2021-03-29,403,102582,1729,,,,,,
"Korea, South",,2021-03-30,404,103088,1731,,,,,,
"Korea, South",,2021-03-31,405,103639,1735,,,,,,
"Korea, South",,2021-04-01,406,104194,1737,,,,,,
"Korea, South",,2021-04-02,407,104736,1740,,,,,,
"Korea, South",,2021-04-03,408,105279,1744,,,,,,
"Korea, South",,2021-04-04,409,105752,1748,,,,,,
"Korea, South",,2021-04-05,410,106230,1752,,,,,,
"Korea, South",,2021-04-06,411,106898,1756,,,,,,
"Korea, South",,2021-04-07,412,107598,1758,,,,,,
"Korea, South",,2021-04-08,413,108269,1764,,,,,,
"Korea, South",,2021-04-09,414,108945,1765,,,,,,
"Korea, South",,2021-04-10,415,109559,1768,,,,,,
"Korea, South",,2021-04-11,416,110146,1770,,,,,,
"Korea, South",,2021-04-12,417,110688,1775,,,,,,
"Korea, South",,2021-04-13,418,111419,1782,,,,,,
"Korea, South",,2021-04-14,419,112117,1788,,,,,,
"Korea, South",,2021-04-15,420,112789,1790,,,,,,
"Korea, South",,2021-04-16,421,113444,1794,,,,,,
"Korea, South",,2021-04-17,422,114115,1797,,,,,,
"Korea, South",,2021-04-18,423,114646,1801,,,,,,
"Korea, South",,2021-04-19,424,115195,1802,,,,,,
"Korea, South",,2021-04-20,425,115926,1806,,,,,,
"Korea, South",,2021-04-21,426,116661,1808,,,,,,
"Korea, South",,2021-04-22,427,117458,1811,,,,,,
"Korea, South",,2021-04-23,428,118243,1812,,,,,,
"Korea, South",,2021-04-24,429,118887,1813,,,,,,
"Korea, South",,2021-04-25,430,119387,1817,,,,,,
"Korea, South",,2021-04-26,431,119898,1820,,,,,,
"Korea, South",,2021-04-27,432,120673,1821,,,,,,
"Korea, South",,2021-04-28,433,121351,1825,,,,,,
"Korea, South",,2021-04-29,434,122007,1828,,,,,,
"Korea, South",,2021-04-30,435,122634,1831,,,,,,
"Korea, South",,2021-05-01,436,123240,1833,,,,,,
"Korea, South",,2021-05-02,437,123728,1834,,,,,,
"Korea, South",,2021-05-03,438,124269,1840,,,,,,
"Korea, South",,2021-05-04,439,124945,1847,,,,,,
"Korea, South",,2021-05-05,440,125519,1851,,,,,,
"Korea, South",,2021-05-06,441,126044,1860,,,,,,
"Korea, South",,2021-05-07,442,126745,1865,,,,,,
"Korea, South",,2021-05-08,443,127309,1874,,,,,,
"Korea, South",,2021-05-09,444,127772,1875,,,,,,
"Korea, South",,2021-05-10,445,128283,1879,,,,,,
"Korea, South",,2021-05-11,446,128918,1884,,,,,,
"Korea, South",,2021-05-12,447,129633,1891,,,,,,
"Korea, South",,2021-05-13,448,130380,1893,,,,,,
"Korea, South",,2021-05-14,449,131061,1896,,,,,,
"Korea, South",,2021-05-15,450,131671,1900,,,,,,
"Korea, South",,2021-05-16,451,132290,1903,,,,,,
"Korea, South",,2021-05-17,452,132818,1904,,,,,,
"Korea, South",,2021-05-18,453,133471,1912,,,,,,
"Korea, South",,2021-05-19,454,134117,1916,,,,,,
"Korea, South",,2021-05-20,455,134678,1922,,,,,,
"Korea, South",,2021-05-21,456,135344,1926,,,,,,
"Korea, South",,2021-05-22,457,135929,1931,,,,,,
"Korea, South",,2021-05-23,458,136467,1934,,,,,,
"Korea, South",,2021-05-24,459,136983,1938,,,,,,
"Korea, South",,2021-05-25,460,137682,1940,,,,,,
"Korea, South",,2021-05-26,461,138311,1943,,,,,,
"Korea, South",,2021-05-27,462,138898,1946,,,,,,
"Korea, South",,2021-05-28,463,139431,1951,,,,,,
"Korea, South",,2021-05-29,464,139910,1957,,,,,,
"Korea, South",,2021-05-30,465,140340,1959,,,,,,
"Korea, South",,2021-05-31,466,140799,1963,,,,,,
"Korea, South",,2021-06-01,467,141476,1965,,,,,,
"Korea, South",,2021-06-02,468,142157,1968,,,,,,
"Korea, South",,2021-06-03,469,142852,1969,,,,,,
"Korea, South",,2021-06-04,470,143596,1971,,,,,,
"Korea, South",,2021-06-05,471,144152,1973,,,,,,
"Korea, South",,2021-06-06,472,144637,1974,,,,,,
"Korea, South",,2021-06-07,473,145091,1975,,,,,,
"Korea, South",,2021-06-08,474,145692,1977,,,,,,
"Korea, South",,2021-06-09,475,146303,1979,,,,,,
"Korea, South",,2021-06-10,476,146859,1981,,,,,,
"Korea, South",,2021-06-11,477,147422,1982,,,,,,
"Korea, South",,2021-06-12,478,147874,1985,,,,,,
"Korea, South",,2021-06-13,479,148273,1988,,,,,,
"Korea, South",,2021-06-14,480,148647,1992,,,,,,
"Korea, South",,2021-06-15,481,149191,1993,,,,,,
"Korea, South",,2021-06-16,482,149731,1994,,,,,,
"Korea, South",,2021-06-17,483,150238,1996,,,,,,
"Korea, South",,2021-06-18,484,150720,1997,,,,,,
"Korea, South",,2021-06-19,485,151149,2002,,,,,,
"Korea, South",,2021-06-20,486,151506,2004,,,,,,
"Korea, South",,2021-06-21,487,151901,2006,,,,,,
"Korea, South",,2021-06-22,488,152545,2007,,,,,,
"Korea, South",,2021-06-23,489,153155,2008,,,,,,
"Korea, South",,2021-06-24,490,153789,2009,,,,,,
"Korea, South",,2021-06-25,491,154457,2012,,,,,,
"Korea, South",,2021-06-26,492,155071,2013,,,,,,
"Korea, South",,2021-06-27,493,155572,2015,,,,,,
"Korea, South",,2021-06-28,494,156167,2017,,,,,,
"Korea, South",,2021-06-29,495,156961,2018,,,,,,
"Korea, South",,2021-06-30,496,157723,2021,,,,,,
"Korea, South",,2021-07-01,497,158549,2024,,,,,,
"Korea, South",,2021-07-02,498,159342,2025,,,,,,
"Korea, South",,2021-07-03,499,160084,2026,,,,,,
"Korea, South",,2021-07-04,500,160795,2028,,,,,,
"Korea, South",,2021-07-05,501,161541,2032,,,,,,
"Korea, South",,2021-07-06,502,162753,2033,,,,,,
"Korea, South",,2021-07-07,503,164028,2034,,,,,,
"Korea, South",,2021-07-08,504,165344,2036,,,,,,
"Korea, South",,2021-07-09,505,166722,2038,,,,,,
"Korea, South",,2021-07-10,506,168046,2043,,,,,,
"Korea, South",,2021-07-11,507,169146,2044,,,,,,
"Korea, South",,2021-07-12,508,170296,2046,,,,,,
"Korea, South",,2021-07-13,509,171911,2048,,,,,,
"Korea, South",,2021-07-14,510,173511,2050,,,,,,
"Korea, South",,2021-07-15,511,175046,2051,,,,,,
"Korea, South",,2021-07-16,512,176500,2055,,,,,,
"Korea, South",,2021-07-17,513,177951,2057,,,,,,
"Korea, South",,2021-07-18,514,179203,2058,,,,,,
"Korea, South",,2021-07-19,515,180481,2059,,,,,,
"Korea, South",,2021-07-20,516,182265,2060,,,,,,
"Korea, South",,2021-07-21,517,184103,2063,,,,,,
"Korea, South",,2021-07-22,518,185733,2066,,,,,,
"Korea, South",,2021-07-23,519,187362,2068,,,,,,
"Korea, South",,2021-07-24,520,188848,2073,,,,,,
"Korea, South",,2021-07-25,521,190166,2077,,,,,,
"Korea, South",,2021-07-26,522,191531,2079,,,,,,
"Korea, South",,2021-07-27,523,193427,2083,,,,,,
"Korea, South",,2021-07-28,524,195099,2085,,,,,,
"Korea, South",,2021-07-29,525,196806,2089,,,,,,
"Korea, South",,2021-07-30,526,198345,2095,,,,,,
"Korea, South",,2021-07-31,527,199787,2098,,,,,,
"Korea, South",,2021-08-01,528,201002,2099,,,,,,
"Korea, South",,2021-08-02,529,202203,2104,,,,,,
"Korea, South",,2021-08-03,530,203926,2106,,,,,,
"Korea, South",,2021-08-04,531,205702,2109,,,,,,
"Korea, South",,2021-08-05,532,207406,2113,,,,,,
"Korea, South",,2021-08-06,533,209228,2116,,,,,,
"Korea, South",,2021-08-07,534,210956,2121,,,,,,
"Korea, South",,2021-08-08,535,212448,2125,,,,,,
"Korea, South",,2021-08-09,536,213987,2134,,,,,,
"Korea, South",,2021-08-10,537,216206,2135,,,,,,
"Korea, South",,2021-08-11,538,218192,2138,,,,,,
"Korea, South",,2021-08-12,539,220182,2144,,,,,,
"Korea, South",,2021-08-13,540,222111,2148,,,,,,
"Korea, South",,2021-08-14,541,223928,2156,,,,,,
"Korea, South",,2021-08-15,542,225481,2167,,,,,,
"Korea, South",,2021-08-16,543,226854,2173,,,,,,
"Korea, South",,2021-08-17,544,228657,2178,,,,,,
"Korea, South",,2021-08-18,545,230808,2191,,,,,,
"Korea, South",,2021-08-19,546,232859,2197,,,,,,
"Korea, South",,2021-08-20,547,234739,2202,,,,,,
"Korea, South",,2021-08-21,548,236366,2215,,,,,,
"Korea, South",,2021-08-22,549,237782,2222,,,,,,
"Korea, South",,2021-08-23,550,239287,2228,,,,,,
"Korea, South",,2021-08-24,551,241439,2237,,,,,,
"Korea, South",,2021-08-25,552,243317,2257,,,,,,
"Korea, South",,2021-08-26,553,245158,2265,,,,,,
"Korea, South",,2021-08-27,554,246951,2276,,,,,,
"Korea, South",,2021-08-28,555,248568,2279,,,,,,
"Korea, South",,2021-08-29,556,250051,2284,,,,,,
"Korea, South",,2021-08-30,557,251421,2285,,,,,,
"Korea, South",,2021-08-31,558,253445,2292,,,,,,
"Korea, South",,2021-09-01,559,255401,2303,,,,,,
"Korea, South",,2021-09-02,560,257110,2308,,,,,,
"Korea, South",,2021-09-03,561,258913,2315,,,,,,
"Korea, South",,2021-09-04,562,260404,2321,,,,,,
"Korea, South",,2021-09-05,563,261778,2327,,,,,,
"Korea, South",,2021-09-06,564,263374,2330,,,,,,
"Korea, South",,2021-09-07,565,265423,2334,,,,,,
"Korea, South",,2021-09-08,566,267470,2343,,,,,,
"Korea, South",,2021-09-09,567,269362,2348,,,,,,
"Korea, South",,2021-09-10,568,271227,2358,,,,,,
"Korea, South",,2021-09-11,569,272982,2359,,,,,,
"Korea, South",,2021-09-12,570,274415,2360,,,,,,
"Korea, South",,2021-09-13,571,275910,2367,,,,,,
"Korea, South",,2021-09-14,572,277989,2380,,,,,,
"Korea, South",,2021-09-15,573,279930,2386,,,,,,
"Korea, South",,2021-09-16,574,281938,2389,,,,,,
"Korea, South",,2021-09-17,575,284022,2394,,,,,,
"Korea, South",,2021-09-18,576,285931,2404,,,,,,
"Korea, South",,2021-09-19,577,287536,2409,,,,,,
"Korea, South",,2021-09-20,578,289263,2413,,,,,,
"Korea, South",,2021-09-21,579,290983,2419,,,,,,
"Korea, South",,2021-09-22,580,292699,2427,,,,,,
"Korea, South",,2021-09-23,581,295132,2434,,,,,,
"Korea, South",,2021-09-24,582,298402,2441,,,,,,
"Korea, South",,2021-09-25,583,301172,2450,,,,,,
"Korea, South",,2021-09-26,584,303553,2456,,,,,,
"Korea, South",,2021-09-27,585,305842,2464,,,,,,
"Korea, South",,2021-09-28,586,308725,2474,,,,,,
"Korea, South",,2021-09-29,587,311289,2481,,,,,,
"Korea, South",,2021-09-30,588,313773,2497,,,,,,
"Korea, South",,2021-10-01,589,316020,2504,,,,,,
"Korea, South",,2021-10-02,590,318105,2507,,,,,,
"Korea, South",,2021-10-03,591,319777,2513,,,,,,
"Korea, South",,2021-10-04,592,321352,2524,,,,,,
"Korea, South",,2021-10-05,593,323379,2536,,,,,,
"Korea, South",,2021-10-06,594,325804,2544,,,,,,
"Korea, South",,2021-10-07,595,327976,2554,,,,,,
"Korea, South",,2021-10-08,596,329925,2560,,,,,,
"Korea, South",,2021-10-09,597,331519,2575,,,,,,
"Korea, South",,2021-10-10,598,332816,2583,,,,,,
"Korea, South",,2021-10-11,599,334163,2594,,,,,,
"Korea, South",,2021-10-12,600,335742,2605,,,,,,
"Korea, South",,2021-10-13,601,337679,2618,,,,,,
"Korea, South",,2021-10-14,602,339361,2626,,,,,,
"Korea, South",,2021-10-15,603,340978,2644,,,,,,
"Korea, South",,2021-10-16,604,342396,2660,,,,,,
"Korea, South",,2021-10-17,605,343445,2668,,,,,,
"Korea, South",,2021-10-18,606,344518,2689,,,,,,
"Korea, South",,2021-10-19,607,346088,2698,,,,,,
"Korea, South",,2021-10-20,608,347529,2709,,,,,,
"Korea, South",,2021-10-21,609,348969,2725,,,,,,
"Korea, South",,2021-10-22,610,350476,2745,,,,,,
"Korea, South",,2021-10-23,611,351899,2766,,,,,,
"Korea, South",,2021-10-24,612,353089,2773,,,,,,
"Korea, South",,2021-10-25,613,354355,2788,,,,,,
"Korea, South",,2021-10-26,614,356305,2797,,,,,,
"Korea, South",,2021-10-27,615,358412,2808,,,,,,
"Korea, South",,2021-10-28,616,360536,2817,,,,,,
"Korea, South",,2021-10-29,617,362639,2830,,,,,,
"Korea, South",,2021-10-30,618,364700,2849,,,,,,
"Korea, South",,2021-10-31,619,366386,2858,,,,,,
"Korea, South",,2021-11-01,620,367974,2874,,,,,,
"Korea, South",,2021-11-02,621,370640,2892,,,,,,
"Korea, South",,2021-11-03,622,373120,2916,,,,,,
"Korea, South",,2021-11-04,623,375464,2936,,,,,,
"Korea, South",,2021-11-05,624,377712,2956,,,,,,
"Korea, South",,2021-11-06,625,379935,2967,,,,,,
"Korea, South",,2021-11-07,626,381694,2980,,,,,,
"Korea, South",,2021-11-08,627,383407,2998,,,,,,
"Korea, South",,2021-11-09,628,385831,3012,,,,,,
"Korea, South",,2021-11-10,629,388351,3033,,,,,,
"Korea, South",,2021-11-11,630,390719,3051,,,,,,
"Korea, South",,2021-11-12,631,393042,3083,,,,,,
"Korea, South",,2021-11-13,632,395460,3103,,,,,,
"Korea, South",,2021-11-14,633,397466,3115,,,,,,
"Korea, South",,2021-11-15,634,399591,3137,,,,,,
"Korea, South",,2021-11-16,635,402775,3158,,,,,,
"Korea, South",,2021-11-17,636,406065,3187,,,,,,
"Korea, South",,2021-11-18,637,409099,3215,,,,,,
"Korea, South",,2021-11-19,638,412311,3244,,,,,,
"Korea, South",,2021-11-20,639,415425,3274,,,,,,
"Korea, South",,2021-11-21,640,418252,3298,,,,,,
"Korea, South",,2021-11-22,641,420950,3328,,,,,,
"Korea, South",,2021-11-23,642,425065,3363,,,,,,
"Korea, South",,2021-11-24,643,429002,3401,,,,,,
"Korea, South",,2021-11-25,644,432901,3440,,,,,,
"Korea, South",,2021-11-26,645,436968,3492,,,,,,
"Korea, South",,2021-11-27,646,440896,3548,,,,,,
"Korea, South",,2021-11-28,647,444200,3580,,,,,,
"Korea, South",,2021-11-29,648,447230,3624,,,,,,
"Korea, South",,2021-11-30,649,452350,3659,,,,,,
"Korea, South",,2021-12-01,650,457612,3705,,,,,,
"Korea, South",,2021-12-02,651,462555,3739,,,,,,
"Korea, South",,2021-12-03,652,467907,3809,,,,,,
"Korea, South",,2021-12-04,653,473034,3852,,,,,,
"Korea, South",,2021-12-05,654,477358,3893,,,,,,
"Korea, South",,2021-12-06,655,482310,3957,,,,,,
"Korea, South",,2021-12-07,656,489484,4020,,,,,,
"Korea, South",,2021-12-08,657,496584,4077,,,,,,
"Korea, South",,2021-12-09,658,503606,4130,,,,,,
"Korea, South",,2021-12-10,659,510583,4210,,,,,,
"Korea, South",,2021-12-11,660,517271,4253,,,,,,
"Korea, South",,2021-12-12,661,523088,4293,,,,,,
"Korea, South",,2021-12-13,662,528652,4387,,,,,,
"Korea, South",,2021-12-14,663,536495,4456,,,,,,
"Korea, South",,2021-12-15,664,544117,4518,,,,,,
"Korea, South",,2021-12-16,665,551551,4591,,,,,,
"Korea, South",,2021-12-17,666,558864,4644,,,,,,
"Korea, South",,2021-12-18,667,565098,4722,,,,,,
"Korea, South",,2021-12-19,668,570414,4776,,,,,,
"Korea, South",,2021-12-20,669,575615,4828,,,,,,
"Korea, South",,2021-12-21,670,583065,4906,,,,,,
"Korea, South",,2021-12-22,671,589978,5015,,,,,,
"Korea, South",,2021-12-23,672,596209,5071,,,,,,
"Korea, South",,2021-12-24,673,602045,5176,,,,,,
"Korea, South",,2021-12-25,674,607463,5245,,,,,,
"Korea, South",,2021-12-26,675,611670,5300,,,,,,
"Korea, South",,2021-12-27,676,615532,5346,,,,,,
"Korea, South",,2021-12-28,677,620938,5382,,,,,,
"Korea, South",,2021-12-29,678,625967,5455,,,,,,
"Korea, South",,2021-12-30,679,630838,5563,,,,,,
"Korea, South",,2021-12-31,680,635253,5625,,,,,,
"Korea, South",,2022-01-01,681,639083,5694,,,,,,
"Korea, South",,2022-01-02,682,642207,5730,,,,,,
"Korea, South",,2022-01-03,683,645226,5781,,,,,,
"Korea, South",,2022-01-04,684,649669,5838,,,,,,
"Korea, South",,2022-01-05,685,653792,5887,,,,,,
"Korea, South",,2022-01-06,686,657508,5932,,,,,,
"Korea, South",,2022-01-07,687,661015,5986,,,,,,
"Korea, South",,2022-01-08,688,664391,6037,,,,,,
"Korea, South",,2022-01-09,689,667390,6071,,,,,,
"Korea, South",,2022-01-10,690,670483,6114,,,,,,
"Korea, South",,2022-01-11,691,674868,6166,,,,,,
"Korea, South",,2022-01-12,692,679030,6210,,,,,,
"Korea, South",,2022-01-13,693,683566,6259,,,,,,
"Korea, South",,2022-01-14,694,687984,6281,,,,,,
"Korea, South",,2022-01-15,695,692174,6310,,,,,,
"Korea, South",,2022-01-16,696,696032,6333,,,,,,
"Korea, South",,2022-01-17,697,700102,6378,,,,,,
"Korea, South",,2022-01-18,698,705902,6452,,,,,,
"Korea, South",,2022-01-19,699,712503,6480,,,,,,
"Korea, South",,2022-01-20,700,719269,6501,,,,,,
"Korea, South",,2022-01-21,701,726274,6529,,,,,,
"Korea, South",,2022-01-22,702,733902,6540,,,,,,
"Korea, South",,2022-01-23,703,741413,6565,,,,,,
"Korea, South",,2022-01-24,704,749979,6588,,,,,,
"Korea, South",,2022-01-25,705,762983,6620,,,,,,
"Korea, South",,2022-01-26,706,777497,6654,,,,,,
"Korea, South",,2022-01-27,707,793582,6678,,,,,,
"Korea, South",,2022-01-28,708,811122,6712,,,,,,
"Korea, South",,2022-01-29,709,828637,6732,,,,,,
"Korea, South",,2022-01-30,710,845709,6755,,,,,,
"Korea, South",,2022-01-31,711,864042,6772,,,,,,
"Korea, South",,2022-02-01,712,884310,6787,,,,,,
"Korea, South",,2022-02-02,713,907214,6812,,,,,,
"Korea, South",,2022-02-03,714,934656,6836,,,,,,
"Korea, South",,2022-02-04,715,971018,6858,,,,,,
"Korea, South",,2022-02-05,716,1009688,6873,,,,,,
"Korea, South",,2022-02-06,717,1044963,6886,,,,,,
"Korea, South",,2022-02-07,718,1081681,6922,,,,,,
"Korea, South",,2022-02-08,719,1131239,6943,,,,,,
"Korea, South",,2022-02-09,720,1185361,6963,,,,,,
"Korea, South",,2022-02-10,721,1239287,7012,,,,,,
"Korea, South",,2022-02-11,722,1294205,7045,,,,,,
"Korea, South",,2022-02-12,723,1350630,7081,,,,,,
"Korea, South",,2022-02-13,724,1405246,7102,,,,,,
"Korea, South",,2022-02-14,725,1462421,7163,,,,,,
"Korea, South",,2022-02-15,726,1552851,7202,,,,,,
"Korea, South",,2022-02-16,727,1645978,7238,,,,,,
"Korea, South",,2022-02-17,728,1755806,7283,,,,,,
"Korea, South",,2022-02-18,729,1858009,7354,,,,,,
"Korea, South",,2022-02-19,730,1962837,7405,,,,,,
"Korea, South",,2022-02-20,731,2058184,7450,,,,,,
"Korea, South",,2022-02-21,732,2157734,7508,,,,,,
"Korea, South",,2022-02-22,733,2329182,7607,,,,,,
"Korea, South",,2022-02-23,734,2499188,7689,,,,,,
"Korea, South",,2022-02-24,735,2665077,7783,,,,,,
"Korea, South",,2022-02-25,736,2831283,7895,,,,,,
"Korea, South",,2022-02-26,737,2994841,7944,,,,,,
"Korea, South",,2022-02-27,738,3134456,8058,,,,,,
"Korea, South",,2022-02-28,739,3273449,8170,,,,,,
"Korea, South",,2022-03-01,740,3492686,8266,,,,,,
"Korea, South",,2022-03-02,741,3691488,8394,,,,,,
"Korea, South",,2022-03-03,742,3958326,8580,,,,,,
"Korea, South",,2022-03-04,743,4212652,8796,,,,,,
"Korea, South",,2022-03-05,744,4456264,8957,,,,,,
"Korea, South",,2022-03-06,745,4666977,9096,,,,,,
"Korea, South",,2022-03-07,746,4869691,9282,,,,,,
"Korea, South",,2022-03-08,747,5212118,9440,,,,,,
"Korea, South",,2022-03-09,748,5539650,9646,,,,,,
"Korea, South",,2022-03-10,749,5822626,9875,,,,,,
"Korea, South",,2022-03-11,750,6206277,10144,,,,,,
"Korea, South",,2022-03-12,751,6556453,10395,,,,,,
"Korea, South",,2022-03-13,752,6866222,10595,,,,,,
